288;INICIAL;5
220;INICIAL;4
306;INICIAL;4
311;INICIAL;4
JOSE CARLOS MARIATEGUI;PRIMARIA;4
VICTOR RAUL HAYA DE LA TORRE;SECUNDARIA;4
JOSE CARLOS MARIATEGUI;SECUNDARIA;3
JOSE MARIA ARGUEDAS;SECUNDARIA;3
MANUEL GONZALES PRADA;SECUNDARIA;3
303;INICIAL;3
378;INICIAL;3
213;INICIAL;3
229;INICIAL;3
227;INICIAL;3
269;INICIAL;3
297;INICIAL;3
224;INICIAL;3
171;INICIAL;3
122;INICIAL;3
427;INICIAL;3
377;INICIAL;3
661;INICIAL;3
664;INICIAL;2
680;INICIAL;2
8;INICIAL;2
82;INICIAL;2
NUESTRA SE���ORA DE LOURD;PRIMARIA;2
99;INICIAL;2
423;INICIAL;2
461;INICIAL;2
464;INICIAL;2
47;INICIAL;2
474;INICIAL;2
48;INICIAL;2
392;INICIAL;2
381;INICIAL;2
413;INICIAL;2
506;INICIAL;2
508;INICIAL;2
52;INICIAL;2
578;INICIAL;2
55;INICIAL;2
49;INICIAL;2
65;INICIAL;2
7;INICIAL;2
189;INICIAL;2
101;INICIAL;2
195;INICIAL;2
2;INICIAL;2
216;INICIAL;2
217;INICIAL;2
200;INICIAL;2
201;INICIAL;2
13;INICIAL;2
146;INICIAL;2
102;INICIAL;2
113;INICIAL;2
1565;INICIAL;2
266;INICIAL;2
277;INICIAL;2
293;INICIAL;2
228;INICIAL;2
219;INICIAL;2
24;INICIAL;2
328;INICIAL;2
339;INICIAL;2
350;INICIAL;2
355;INICIAL;2
356;INICIAL;2
290;INICIAL;2
301;INICIAL;2
302;INICIAL;2
307;INICIAL;2
309;INICIAL;2
331;INICIAL;2
342;INICIAL;2
SAN JOSE;INICIAL;2
675;INICIAL;2
SAGRADO CORAZON DE JESUS;INICIAL;2
91;INICIAL;2
ANDRES AVELINO CACERES;SECUNDARIA;2
VICTOR ANDRES BELAUNDE;SECUNDARIA;2
SAN ANTONIO DE PADUA;SECUNDARIA;2
TUPAC AMARU;SECUNDARIA;2
TUPAC AMARU II;SECUNDARIA;2
NUESTRA SE���ORA DEL CARM;SECUNDARIA;2
121;INICIAL;2
JOSE GALVEZ;SECUNDARIA;2
RAMIRO PRIALE PRIALE;SECUNDARIA;2
SAN FRANCISCO DE ASIS;SECUNDARIA;2
SAN JERONIMO;SECUNDARIA;1
SAN JUAN BAUTISTA;SECUNDARIA;1
SAN JUAN DE LA FRONTERA;SECUNDARIA;1
SAN MARTIN DE TOURS;SECUNDARIA;1
SAN RAMON;SECUNDARIA;1
SANTA ISABEL;SECUNDARIA;1
SANTA ROSA;SECUNDARIA;1
SANTO DOMINGO;SECUNDARIA;1
SANTO TOMAS;SECUNDARIA;1
SAPILLICA;SECUNDARIA;1
SATURNINO HUILCA Q.;SECUNDARIA;1
SEBASTIAN LORENTE IBA���;SECUNDARIA;1
SE���OR DE CCOYLLOR RIT;SECUNDARIA;1
SE���OR DE HUAYLL;SECUNDARIA;1
SIMON BOLIVAR;SECUNDARIA;1
TARACO;SECUNDARIA;1
TIBERIO SANCHEZ VERGARA;SECUNDARIA;1
TILALI;SECUNDARIA;1
RICARDO PALMA;SECUNDARIA;1
SAN AGUSTIN;SECUNDARIA;1
OCTAVIO CASAVERDE MARIN;SECUNDARIA;1
PADRE AGUSTIN LOPEZ PARDO;SECUNDARIA;1
PEDRO ARBUES BERNARDO PE��;SECUNDARIA;1
PEDRO RUIZ GALLO;SECUNDARIA;1
PUMAHUASI;SECUNDARIA;1
VENCEDORES DE COMAINA;SECUNDARIA;1
SAN CRISTOBAL;SECUNDARIA;1
SAN FRANCISCO;SECUNDARIA;1
VIRGEN DE LA ASUNCION;SECUNDARIA;1
ANGEL LOPEZ CASTRO;SECUNDARIA;1
ANTONIO RAIMONDI;SECUNDARIA;1
APOSTOL SANTIAGO DE LUCANAS;SECUNDARIA;1
APU INCA;SECUNDARIA;1
AYAR MANCO;SECUNDARIA;1
BASILIO AUQUI;SECUNDARIA;1
BOCA COLORADO;SECUNDARIA;1
BOCA MANU;SECUNDARIA;1
CCORCA;SECUNDARIA;1
CESAR ABRAHAM VALLEJO;SECUNDARIA;1
CESAR ABRAHAM VALLEJO MENDOZA;SECUNDARIA;1
CESAR VALLEJO MENDOZA;SECUNDARIA;1
CHANCAY BA���;SECUNDARIA;1
DIONISIO OCAMPO CHAVEZ;SECUNDARIA;1
DOS DE MAYO;SECUNDARIA;1
EMILIO ESPINOZA;SECUNDARIA;1
FELIPE SANTIAGO SALAVERRY;SECUNDARIA;1
FRANCISCO BOLOGNESI CERVANTES;SECUNDARIA;1
FRANCISCO CADENILLAS GALVEZ;SECUNDARIA;1
GUAMAN POMA DE AYALA;SECUNDARIA;1
HORACIO ZEVALLOS GAMEZ;SECUNDARIA;1
HUANOQUITE;SECUNDARIA;1
HUAYNA CAPAC;SECUNDARIA;1
INGENIO;SECUNDARIA;1
JAVIER HERAUD;SECUNDARIA;1
JESUS NAZARENO;SECUNDARIA;1
JOAQUIN BERNAL;SECUNDARIA;1
JORGE BASADRE;SECUNDARIA;1
JORGE CHAVEZ RENGIFO;SECUNDARIA;1
JOSE ANTONIO ENCINAS FRANCO;SECUNDARIA;1
JUAN GNALDI COLESCHI;PRIMARIA;1
JUAN INGUNZA VALDIVIA;PRIMARIA;1
JUAN JIMENEZ PIMENTEL;PRIMARIA;1
JUAN JOSE CRESPO Y CASTILLO;PRIMARIA;1
JUAN SANTOS ATAHUALPA;PRIMARIA;1
JUAN VELASCO ALVARADO;PRIMARIA;1
JULI;PRIMARIA;1
LA CAPILLA;PRIMARIA;1
LA INMACULADA;PRIMARIA;1
LA VIAL;PRIMARIA;1
LAS PALMAS;PRIMARIA;1
LIBERTADOR SIMON BOLIVAR;PRIMARIA;1
MANUEL VILLAVICENCIO GARGATE;PRIMARIA;1
MARIA PARADO DE BELLIDO;PRIMARIA;1
MIGUEL GRAU SEMINARIO;PRIMARIA;1
MONTERO;PRIMARIA;1
NUESTRA SE���ORA DE LAS MERCED;PRIMARIA;1
911;INICIAL;1
913;INICIAL;1
93;INICIAL;1
934;INICIAL;1
941 NUESTRA SE���ORA DE COPACABA;INICIAL;1
944;INICIAL;1
950 SAN ANTONIO DE PADUA;INICIAL;1
957;INICIAL;1
957 DIVINO NI���O ROSAR;INICIAL;1
97;INICIAL;1
972 JORGE FELIPE SEVILLA ACU��;INICIAL;1
977;INICIAL;1
98;INICIAL;1
SAGRADO CORAZON DE MARIA;INICIAL;1
SALAVERRY;INICIAL;1
SAN AGUSTIN;INICIAL;1
SAN ANTONIO;INICIAL;1
SAN BARTOLOME;INICIAL;1
68;INICIAL;1
JOSE GABRIEL CONDORCANQUI;SECUNDARIA;1
JOSE GABRIEL CONDORCANQUI NOGUERA;SECUNDARIA;1
MANUEL SEOANE CORRALES;SECUNDARIA;1
MARIA INMACULADA - FE Y ALEGRIA 78;SECUNDARIA;1
MARIANO MELGAR;SECUNDARIA;1
MARISCAL AGUSTIN GAMARRA;SECUNDARIA;1
MARISCAL CACERES;SECUNDARIA;1
MARISCAL GUILLERMO MILLER;SECUNDARIA;1
MARISCAL RAMON CASTILLA;SECUNDARIA;1
MIGUEL GRAU;SECUNDARIA;1
NARCISO ARESTEGUI;SECUNDARIA;1
NARCISO GIRBAL;SECUNDARIA;1
NERY GARCIA ZARATE;SECUNDARIA;1
"NUESTRA SENORA DE GUADALUPE FE Y ALEGRIA ";SECUNDARIA;1
NUESTRA SE���ORA DE ASUNCI;SECUNDARIA;1
JOSE OLAYA;SECUNDARIA;1
JOSE VARALLANOS;SECUNDARIA;1
JUAN ACEVEDO ARCE;SECUNDARIA;1
JUAN ANTONIO LIGARDA PINEDA;SECUNDARIA;1
JUAN DE DIOS VALENCIA;SECUNDARIA;1
LAGUNAS;SECUNDARIA;1
LEONCIO PRADO;SECUNDARIA;1
LEONCIO PRADO GUTIERREZ;SECUNDARIA;1
LIMATAMBO;SECUNDARIA;1
LUIS TARAZONA NEGREIROS;SECUNDARIA;1
SAN JUAN;INICIAL;1
SAN JUAN BAUTISTA;INICIAL;1
SAN JUAN DE DIOS;INICIAL;1
SAN MARCOS;INICIAL;1
SAN PEDRO;INICIAL;1
SANTA APOLONIA;INICIAL;1
SANTA ISABEL DE SIGUAS;INICIAL;1
SANTA LEONOR;INICIAL;1
SANTA RITA;INICIAL;1
SANTA TERESITA;INICIAL;1
SANTIAGO APOSTOL;INICIAL;1
SEMILLAS DE JESUS;INICIAL;1
SE���OR DE LA VA;INICIAL;1
SHISHE;INICIAL;1
SIBAYO;INICIAL;1
SOCABAYA;INICIAL;1
TIWINZA;INICIAL;1
TORO;INICIAL;1
TUPAC AMARU;INICIAL;1
TUTI;INICIAL;1
UNION MIRAFLORES;INICIAL;1
VELAPATA;INICIAL;1
VIA JESUS SALVADOR;INICIAL;1
VICTORIA BARCIA BONIFATTI;INICIAL;1
VIDA FELIZ;INICIAL;1
VILLA PRIMAVERA;INICIAL;1
VIRGEN DE NATIVIDAD;INICIAL;1
VIRGEN DEL CARMEN;INICIAL;1
VIRGEN INMACULADA CONCEPCION;INICIAL;1
VIRU;INICIAL;1
WARMA KUYAY;INICIAL;1
" PADRE BLAS VALERA PEREZ";PRIMARIA;1
0016 JOSE GABRIEL CONDORCANQUI;PRIMARIA;1
0040 OCTAVIO PEREYRA SANCHEZ;PRIMARIA;1
00516 HORACIO ZEVALLOS GAMEZ;PRIMARIA;1
00551 JOSE GUSTAVO IBERICO ZARATE;PRIMARIA;1
0075 EKE PEDRO GIRANO PIRO;PRIMARIA;1
0081 JULIO GARCIA VEGA;PRIMARIA;1
0091 ABRAHAM GARCIA TORRES;PRIMARIA;1
00937 DAVID BOCANEGRA VASQUEZ;PRIMARIA;1
0101 SHUJI KITAMURA;PRIMARIA;1
0146 CESAR ABRAHAM VALLEJO MENDOZA;PRIMARIA;1
0162 ROSA ARMENGOLA OCHOA;PRIMARIA;1
0183 VICENTE CARDENAS ANGULO;PRIMARIA;1
0192 OSWALDO SEIJAS VASQUEZ;PRIMARIA;1
020 CLEMENTINA BRAVO DE NOBLECILLA;PRIMARIA;1
0304 MARIO VARGAS LLOSA;PRIMARIA;1
0309 TUPAC AMARU II;PRIMARIA;1
031 VIRGEN DEL CARMEN;PRIMARIA;1
0409 JOSE ALEJANDRO ACOSTA RUIZ;PRIMARIA;1
0418 VICTOR M. PEREZ MORALES;PRIMARIA;1
0433 LUISA ALIAGA GONZALES;PRIMARIA;1
0438 FERNANDO BELAUNDE TERRY;PRIMARIA;1
05 SAN MARCELINO CHAMPAGNAT;PRIMARIA;1
051 ROSA LOPEZ ITURRALDE;PRIMARIA;1
0583 EDMUNDO GARMA ���A�;PRIMARIA;1
0588 JUAN GUILLERMO CASTILLO DELGADO;PRIMARIA;1
063 RICARDO PALMA;PRIMARIA;1
065 JOSE OLAYA BALANDRA;PRIMARIA;1
0663 PABLO CHAVEZ VILLAVERDE;PRIMARIA;1
0767 BUENOS AIRES;PRIMARIA;1
0769 (EX 0050);PRIMARIA;1
077 FLORO BOULANGGER PE��;PRIMARIA;1
0774 MARIANO LORENZO MELGAR VALDIVIESO;PRIMARIA;1
08 PERU HOLANDA;PRIMARIA;1
098 EL GRAN CHILIMASA;PRIMARIA;1
10007 SAGRADO CORAZON DE MARIA;PRIMARIA;1
1001 ALAMOS;PRIMARIA;1
10017;PRIMARIA;1
1003 REPUBLICA DE COLOMBIA;PRIMARIA;1
10038;PRIMARIA;1
10049 VIRGEN MARIA;PRIMARIA;1
10052;PRIMARIA;1
10062 SAN JUAN DE KA���AR;PRIMARIA;1
10084;PRIMARIA;1
10094 ROSA MURO GUEVARA DE BARRAGAN;PRIMARIA;1
10117 CRUZ DE PUMACIRCA;PRIMARIA;1
10125 CARMELO FELIX MEDRANO;PRIMARIA;1
10132 JESUS DIVINO MAESTRO;PRIMARIA;1
10207 JOSE JUSTO ARCE GONZALES;PRIMARIA;1
10291;PRIMARIA;1
10316;PRIMARIA;1
10366;PRIMARIA;1
10470 VICTOR A. SANCHEZ OLANO;PRIMARIA;1
10479;PRIMARIA;1
10489 JOSE CARLOS MARIATEGUI;PRIMARIA;1
10497;PRIMARIA;1
10509;PRIMARIA;1
10527;PRIMARIA;1
10532;PRIMARIA;1
10536;PRIMARIA;1
10557;PRIMARIA;1
10574;PRIMARIA;1
1059 MARIA INMACULADA;PRIMARIA;1
10618;PRIMARIA;1
10658 SAGRADO CORAZON DE JESUS;PRIMARIA;1
10669;PRIMARIA;1
10676;PRIMARIA;1
10699;PRIMARIA;1
10892 JOSE FREDESVINDO VASQUEZ ACU��;PRIMARIA;1
10945 HEROINA MARIA PARADO DE BELLIDO;PRIMARIA;1
11029 SANTIAGO BURGA GONZALES;PRIMARIA;1
11129 REPUBLICA ARGENTINA;PRIMARIA;1
1117 ANDRES AVELINO ARAMBURU;PRIMARIA;1
11185;PRIMARIA;1
1140 AURELIO MIRO QUESADA SOSA;PRIMARIA;1
11522 MIGUEL GRAU;PRIMARIA;1
11524 GREGORIO RAMIREZ FANING;PRIMARIA;1
13;PRIMARIA;1
14282;PRIMARIA;1
14325;PRIMARIA;1
14367 HILDEBRANDO CASTRO POZO;PRIMARIA;1
14452 SANTA CLARA;PRIMARIA;1
14507;PRIMARIA;1
14529;PRIMARIA;1
14670 CARLOS ERNESTO GARCIA PINLILLOS;PRIMARIA;1
14750 SAN MARTIN DE PORRAS;PRIMARIA;1
14771;PRIMARIA;1
14857 SAN MIGUEL ARCANGEL;PRIMARIA;1
14959;PRIMARIA;1
15019 HILDEBRANDO CASTRO POZO;PRIMARIA;1
15021;PRIMARIA;1
15023;PRIMARIA;1
16139;PRIMARIA;1
16149;PRIMARIA;1
16173;PRIMARIA;1
16201;PRIMARIA;1
16296;PRIMARIA;1
16342;PRIMARIA;1
16378;PRIMARIA;1
16397;PRIMARIA;1
16404;PRIMARIA;1
16437;PRIMARIA;1
16498 TUPAC AMARU II;PRIMARIA;1
16509 JOSE CARLOS MARIATEGUI;PRIMARIA;1
16520;PRIMARIA;1
16536 SAN MIGUEL;PRIMARIA;1
17787;PRIMARIA;1
17805 HOGAR DE CRISTO;PRIMARIA;1
18010;PRIMARIA;1
18012;PRIMARIA;1
18017;PRIMARIA;1
18020;PRIMARIA;1
18040;PRIMARIA;1
18046;PRIMARIA;1
18055 JESUS EL BUEN PASTOR;PRIMARIA;1
18056;PRIMARIA;1
18066;PRIMARIA;1
18068;PRIMARIA;1
18074;PRIMARIA;1
18077;PRIMARIA;1
18079;PRIMARIA;1
18081;PRIMARIA;1
18083;PRIMARIA;1
18088;PRIMARIA;1
18092;PRIMARIA;1
18104 SANTO TOMAS;PRIMARIA;1
18106;PRIMARIA;1
18113;PRIMARIA;1
18114;PRIMARIA;1
18130;PRIMARIA;1
18132 JOSE ANTONIO ENCINAS FRANCO;PRIMARIA;1
18138;PRIMARIA;1
18139;PRIMARIA;1
18142;PRIMARIA;1
18151;PRIMARIA;1
18153;PRIMARIA;1
18160;PRIMARIA;1
18171;PRIMARIA;1
18184;PRIMARIA;1
18205 JOSE ROBERTO ARCE TUESTA;PRIMARIA;1
18214;PRIMARIA;1
18215;PRIMARIA;1
18229;PRIMARIA;1
18236;PRIMARIA;1
18240;PRIMARIA;1
18244;PRIMARIA;1
18246;PRIMARIA;1
18249;PRIMARIA;1
18251;PRIMARIA;1
18254;PRIMARIA;1
18290;PRIMARIA;1
18305;PRIMARIA;1
20001;PRIMARIA;1
20017;PRIMARIA;1
20023;PRIMARIA;1
20045;PRIMARIA;1
20047 SANTO TOMAS;PRIMARIA;1
20085;PRIMARIA;1
20133 FRANCISCO BOLOGNESI;PRIMARIA;1
20135;PRIMARIA;1
20137 SAN CRISTOBAL;PRIMARIA;1
20170;PRIMARIA;1
20174;PRIMARIA;1
20177 SAN MARTIN DE PORRES;PRIMARIA;1
20179 ALEJANDRO CAMACHO CUYA;PRIMARIA;1
20184;PRIMARIA;1
20194 JESUS DIVINO MAESTRO;PRIMARIA;1
20277;PRIMARIA;1
20286;PRIMARIA;1
20288;PRIMARIA;1
20290;PRIMARIA;1
20293;PRIMARIA;1
20311 NUESTRA SE���ORA DE LA ASUNCI;PRIMARIA;1
20321 SANTA ROSA;PRIMARIA;1
20326;PRIMARIA;1
20384 GERMAN CARO RIOS;PRIMARIA;1
20424 SAN MIGUEL ARCANGEL;PRIMARIA;1
20434 SAN JUAN BAUTISTA;PRIMARIA;1
20436 SAN MARTIN DE PORRAS;PRIMARIA;1
20446 SANTO DOMINGO;PRIMARIA;1
20473;PRIMARIA;1
20481;PRIMARIA;1
20490;PRIMARIA;1
20496;PRIMARIA;1
20498 VIRGEN DEL ROSARIO;PRIMARIA;1
20513;PRIMARIA;1
20515;PRIMARIA;1
20523 CORAZON DE JESUS;PRIMARIA;1
20524;PRIMARIA;1
20537 ANDRES AVELINO CACERES;PRIMARIA;1
20541 SANTA ROSA;PRIMARIA;1
20542 JAVIER PEREZ DE CUELLAR;PRIMARIA;1
20544 JOSE CARLOS MARIATEGUI;PRIMARIA;1
20547 MANUEL A. ODRIA;PRIMARIA;1
20549;PRIMARIA;1
20551 CIRO ALEGRIA;PRIMARIA;1
20556 FRANCISCO INKA;PRIMARIA;1
20559 SAN JUAN;PRIMARIA;1
20561;PRIMARIA;1
20567 RICARDO BENTIN;PRIMARIA;1
20573 JUAN PABLO II;PRIMARIA;1
20575 JOSE ANTONIO ENCINAS FRANCO;PRIMARIA;1
20578 CESAR A. VALLEJO;PRIMARIA;1
20581 SAN BARTOLOME;PRIMARIA;1
20588 SAN JUAN DE IRIS;PRIMARIA;1
20591 MARIA RECUAY;PRIMARIA;1
20599 JORGE BASADRE;PRIMARIA;1
20600;PRIMARIA;1
20602 JOSE MARIA ARGUEDAS;PRIMARIA;1
20605 VIRGEN DEL CARMEN;PRIMARIA;1
20607 APOSTOL SANTIAGO;PRIMARIA;1
20610 GERVASIO CLEMENTE VALENCIA;PRIMARIA;1
20615 SAN JERONIMO;PRIMARIA;1
20629;PRIMARIA;1
20674;PRIMARIA;1
20677 JOSE FAUSTINO SANCHEZ CARRION;PRIMARIA;1
20683 SANTO DOMINGO;PRIMARIA;1
20691;PRIMARIA;1
20694 APOSTOL SANTIAGO;PRIMARIA;1
20697 TUPAC AMARU;PRIMARIA;1
20699;PRIMARIA;1
20709;PRIMARIA;1
20711;PRIMARIA;1
20725 SAN LORENZO DE PUTINZA;PRIMARIA;1
20727;PRIMARIA;1
20730 JUAN DE LA MATA MICHUY R.;PRIMARIA;1
20733;PRIMARIA;1
20734;PRIMARIA;1
20738;PRIMARIA;1
20741 SE���OR DE LOS MILAGR;PRIMARIA;1
20751 FRAY JOSE MARIA GAGO MARIN;PRIMARIA;1
20774;PRIMARIA;1
20847 SE���OR CAUTI;PRIMARIA;1
20850 MARISCAL CACERES;PRIMARIA;1
20920;PRIMARIA;1
21001 ZOILO CANDELA SANCHEZ;PRIMARIA;1
21015;PRIMARIA;1
22019;PRIMARIA;1
22029;PRIMARIA;1
22032;PRIMARIA;1
22034;PRIMARIA;1
22041;PRIMARIA;1
22047;PRIMARIA;1
"22051 - DOMINGO SALDA���A ";PRIMARIA;1
22149;PRIMARIA;1
22153;PRIMARIA;1
22160;PRIMARIA;1
22164;PRIMARIA;1
22166;PRIMARIA;1
22169;PRIMARIA;1
22191;PRIMARIA;1
22246;PRIMARIA;1
22267;PRIMARIA;1
22273;PRIMARIA;1
22314 VICENTA AQUIJE DE HUAMAN;PRIMARIA;1
22318;PRIMARIA;1
22319;PRIMARIA;1
22355 MARIA DARQUEA DE CABRERA;PRIMARIA;1
22361 MANUEL PABLO OLAECHEA;PRIMARIA;1
22393;PRIMARIA;1
22395 MOISES REBATA;PRIMARIA;1
22421 NUESTRA SE���ORA DE LAS MERCED;PRIMARIA;1
22424;PRIMARIA;1
22440;PRIMARIA;1
22441 SANTA ANA;PRIMARIA;1
22448 PORSIA SENISSE DE ARRIOLA;PRIMARIA;1
22451 BEATITA DE HUMAY;PRIMARIA;1
22489;PRIMARIA;1
22526 MEDARDO JESUS APARCANA HERNANDEZ;PRIMARIA;1
22693 JOSE OLAYA BALANDRA;PRIMARIA;1
23001 SEBASTIAN BARRANCA;PRIMARIA;1
23544 FRANCISCO BOLOGNESI;PRIMARIA;1
24001 FRAY MARTIN DE PORRES;PRIMARIA;1
24003 SARA SANABRIA HERMOZA;PRIMARIA;1
24011 VIRGEN DEL CARMEN;PRIMARIA;1
24020;PRIMARIA;1
24021 JOSE MARIA ARGUEDAS ALTAMIRANO;PRIMARIA;1
24070;PRIMARIA;1
24073;PRIMARIA;1
24076 VIRGEN DE LAS MERCEDES;PRIMARIA;1
24084;PRIMARIA;1
24085;PRIMARIA;1
24090;PRIMARIA;1
24092;PRIMARIA;1
24095 NOZAR OROSCO BULEJE;PRIMARIA;1
24132;PRIMARIA;1
24140;PRIMARIA;1
24146;PRIMARIA;1
24156;PRIMARIA;1
24162;PRIMARIA;1
24168 SANTA ROSA DE OTOCA;PRIMARIA;1
24234 SANTA CRUZ;PRIMARIA;1
24235 6 DE JULIO;PRIMARIA;1
24243 PORTAL DEL VALLE HUANCA HUANCA;PRIMARIA;1
24294 VIRGEN DEL ROSARIO;PRIMARIA;1
24297 SE���OR DE LAM;PRIMARIA;1
24302 SAN FRANCISCO DE ASIS;PRIMARIA;1
24340 VIRGEN DE COCHARCA;PRIMARIA;1
24343 AGUSTIN FERNANDEZ BELLIDO;PRIMARIA;1
24387-15 MARIANO MELGAR;PRIMARIA;1
285;PRIMARIA;1
292;PRIMARIA;1
3;PRIMARIA;1
30001-8;PRIMARIA;1
30012;PRIMARIA;1
30015;PRIMARIA;1
30064;PRIMARIA;1
30083;PRIMARIA;1
30138;PRIMARIA;1
30141;PRIMARIA;1
30165;PRIMARIA;1
30232 SAN ISIDRO LABRADOR;PRIMARIA;1
30246;PRIMARIA;1
30259;PRIMARIA;1
30297;PRIMARIA;1
30305;PRIMARIA;1
30310;PRIMARIA;1
30312;PRIMARIA;1
30314;PRIMARIA;1
30321;PRIMARIA;1
30325 JESUS CASTILLO ZAMUDIO;PRIMARIA;1
30326;PRIMARIA;1
30329;PRIMARIA;1
30424 MARCELO COLCA BARRERA;PRIMARIA;1
30430 CORAZON DE MARIA;PRIMARIA;1
30449;PRIMARIA;1
30455 INMACULADA CONCEPCION DE MARIA;PRIMARIA;1
30461 CAMILO MAYTA;PRIMARIA;1
3047;PRIMARIA;1
30482 SANTISIMA TRINIDAD;PRIMARIA;1
30498 GUSTAVO BULLON NORO��;PRIMARIA;1
30502 ALEJANDRO SANCHEZ ARTEAGA;PRIMARIA;1
30505 BUENAVENTURA MENDOZA;PRIMARIA;1
30508;PRIMARIA;1
30509 SAN ANTONIO DE CHINCHILCO;PRIMARIA;1
30513 MARIANO TORRES;PRIMARIA;1
30524 SIXTO SANTIVA���EZ PAR;PRIMARIA;1
30575;PRIMARIA;1
30578 JOSE CARLOS MARIATEGUI;PRIMARIA;1
30635 NUESTRA SE���ORA DE LAS MERCED;PRIMARIA;1
30657 JUAN SANTOS ATAHUALPA;PRIMARIA;1
30701 SANTA TERESA;PRIMARIA;1
3073 EL DORADO;PRIMARIA;1
30733;PRIMARIA;1
30737;PRIMARIA;1
30740 SANTO DOMINGO DE GUZMAN;PRIMARIA;1
30743 SAN ANTONIO DE PADUA;PRIMARIA;1
30750;PRIMARIA;1
30754 VIRGEN DEL CARMEN;PRIMARIA;1
308;PRIMARIA;1
30931;PRIMARIA;1
3094;PRIMARIA;1
30942 SAN MARTIN DE PORRAS;PRIMARIA;1
30943;PRIMARIA;1
30956 SAN JUAN BAUTISTA DE LA SALLE;PRIMARIA;1
30965;PRIMARIA;1
30968 ENRIQUE AVILA SANTIVA���;PRIMARIA;1
30970;PRIMARIA;1
30974;PRIMARIA;1
30978 JOSE ANTONIO ENCINAS;PRIMARIA;1
30989 JESUS DE NAZARETH;PRIMARIA;1
30994 FRAY MARTIN DE PORRES;PRIMARIA;1
31161 8 DE OCTUBRE;PRIMARIA;1
31163;PRIMARIA;1
31515 RAFAEL GASTELUA;PRIMARIA;1
31566 LA ASUNCION DE MARIA;PRIMARIA;1
31915;PRIMARIA;1
32150;PRIMARIA;1
32159 DIVINO MAESTRO;PRIMARIA;1
32224;PRIMARIA;1
32226 RAUL CORDOVA ALVARADO;PRIMARIA;1
32234 ILLATHUPA;PRIMARIA;1
32250;PRIMARIA;1
32269;PRIMARIA;1
32272;PRIMARIA;1
32400;PRIMARIA;1
32410 HIPOLITO ALVARADO FLORES;PRIMARIA;1
32412;PRIMARIA;1
32420;PRIMARIA;1
32487;PRIMARIA;1
32507;PRIMARIA;1
32587 SAN JUAN PABLO II;PRIMARIA;1
327;PRIMARIA;1
32944;PRIMARIA;1
34018 FRANCISCO HUARICAPCHA;PRIMARIA;1
34020 EPIFANIO REY CAMARENA LEIVA;PRIMARIA;1
34039 GAMANIEL BLANCO MURILLO;PRIMARIA;1
34042;PRIMARIA;1
34046;PRIMARIA;1
34135;PRIMARIA;1
34226 REVERENDO PADRE JOSE EGG;PRIMARIA;1
34506;PRIMARIA;1
35002;PRIMARIA;1
35003 MARIANO MELGAR;PRIMARIA;1
35005 RVDO. PADRE BARDO BAYERLE;PRIMARIA;1
35014;PRIMARIA;1
36003;PRIMARIA;1
36013;PRIMARIA;1
36020;PRIMARIA;1
36021;PRIMARIA;1
36024;PRIMARIA;1
36029;PRIMARIA;1
36036;PRIMARIA;1
36040;PRIMARIA;1
36048;PRIMARIA;1
36049;PRIMARIA;1
36208 JAIME CERRON PALOMINO;PRIMARIA;1
36219;PRIMARIA;1
36222 MANUEL SCORZA;PRIMARIA;1
36223;PRIMARIA;1
36227;PRIMARIA;1
36686;PRIMARIA;1
38035;PRIMARIA;1
38046;PRIMARIA;1
38049 SAN FRANCISCO DE ASIS;PRIMARIA;1
38126;PRIMARIA;1
38144;PRIMARIA;1
38153;PRIMARIA;1
38156;PRIMARIA;1
38157;PRIMARIA;1
38160;PRIMARIA;1
38233;PRIMARIA;1
38272 SANTA ROSA DE LIMA;PRIMARIA;1
38276 SAN MARTIN DE PORRES;PRIMARIA;1
38321 SE���OR DE LA DIVINA MISERICORD;PRIMARIA;1
38348;PRIMARIA;1
38373;PRIMARIA;1
38457 PEDRO JERONIMO QUISPE MUCHA;PRIMARIA;1
38460;PRIMARIA;1
38463;PRIMARIA;1
38473;PRIMARIA;1
38478 SAN MARTIN DE PORRES;PRIMARIA;1
38496;PRIMARIA;1
385 SE���OR DE PACAYPAM;PRIMARIA;1
38750;PRIMARIA;1
38782;PRIMARIA;1
38789 RICARDO PALMA;PRIMARIA;1
38869;PRIMARIA;1
38970;PRIMARIA;1
38990-12;PRIMARIA;1
40045 LIVIA BERNAL DE BALTAZAR;PRIMARIA;1
40072;PRIMARIA;1
40073 VICTOR MANUEL PEROCHENA LUQUE;PRIMARIA;1
40111;PRIMARIA;1
40127 SE���OR DEL ESPIRITU SAN;PRIMARIA;1
40140;PRIMARIA;1
40148;PRIMARIA;1
40160 OBDULIO BARRIGA VIZCARRA;PRIMARIA;1
40190 SANTISIMA VIRGEN DE CHAPI;PRIMARIA;1
40192;PRIMARIA;1
40196 TECNICO AGROPECUARIO ARTESANAL;PRIMARIA;1
40209 HEROES DE YARABAMBA;PRIMARIA;1
40231;PRIMARIA;1
40234 JUAN PABLO II;PRIMARIA;1
40235;PRIMARIA;1
40240 LUZ A. CARNERO DONGO;PRIMARIA;1
40245 JOSE PASTOR CAMPOS;PRIMARIA;1
40266 ENMANUEL;PRIMARIA;1
40268 PEDRO ALFERRANO HERNANDEZ;PRIMARIA;1
40271;PRIMARIA;1
40272 JOSE OLAYA BALANDRA;PRIMARIA;1
40277;PRIMARIA;1
40279 NUESTRA SE���ORA DEL PERPETUO SOCOR;PRIMARIA;1
40280 NUESTRA SE���ORA DE FATI;PRIMARIA;1
40289;PRIMARIA;1
40297 JUAN BAUTISTA DE TOCOTA;PRIMARIA;1
40316 JULIO ERNESTO LAZO DIAZ;PRIMARIA;1
40319;PRIMARIA;1
40320 NUESTRA SE���ORA DEL ROSAR;PRIMARIA;1
40322 NUESTRA SE���ORA DE LA ASUN;PRIMARIA;1
40324 JOSE MIGUEL MORALES DASSO;PRIMARIA;1
40330;PRIMARIA;1
40336 SAGRADO CORAZON DE JESUS;PRIMARIA;1
40352 BENJAMIN GOMEZ YANCAPALLO;PRIMARIA;1
40374 ELIAS CACERES LOZADA;PRIMARIA;1
40380;PRIMARIA;1
40384 SONCCOY QUILLA;PRIMARIA;1
40386 TUPAC AMARU;PRIMARIA;1
40388 CORAZON SAGRADO DE JESUS DE LLUTA;PRIMARIA;1
40390 MAYTA CAPAC;PRIMARIA;1
40391;PRIMARIA;1
40392 JOSE A. ENCINAS FRANCO;PRIMARIA;1
40397 SAN ANTONIO DE PADUA;PRIMARIA;1
40418;PRIMARIA;1
40421 JOSE OLAYA BALANDRA - TISCO;PRIMARIA;1
40430 JOSE SIMEON TEJEDA;PRIMARIA;1
40432;PRIMARIA;1
40434 FRAY MARTIN DE PORRES;PRIMARIA;1
40438;PRIMARIA;1
40446 MIGUEL GRAU;PRIMARIA;1
40458 SAN JUAN BAUTISTA;PRIMARIA;1
40473 JOSE EMILIO PACHECO ANTEZANA;PRIMARIA;1
40490 SE���OR DE LOS DESAMPARAD;PRIMARIA;1
40510 CORONEL CASIMIRO PERALTA;PRIMARIA;1
40515 SAN SEBASTIAN;PRIMARIA;1
40519 SAN JUAN BAUTISTA;PRIMARIA;1
40523 JUAN LUIS SOTO MOTTA;PRIMARIA;1
40525 SAN SANTIAGO;PRIMARIA;1
40529 VICTOR ANDRES BELAUNDE;PRIMARIA;1
40531 HONOFRE BENAVIDES;PRIMARIA;1
40555;PRIMARIA;1
40657;PRIMARIA;1
42023 VICTOR MAYURI CLAUSSEN;PRIMARIA;1
42032 JOSE JOAQUIN INCLAN;PRIMARIA;1
42063 JOSE MARIA ARGUEDAS ALTAMIRANO;PRIMARIA;1
42072 CAROLINA FREYRE ARIAS;PRIMARIA;1
42085 SANTIAGO ALE TICONA;PRIMARIA;1
42086 HEROES ALBARRACIN;PRIMARIA;1
42091 ENRIQUE DEMETRIO ESTRADA SERRANO;PRIMARIA;1
42094 HORACIO ZORA CARVAJAL;PRIMARIA;1
42096 MATEO PUMACAHUA;PRIMARIA;1
42099 MANUELA FLOR DE SILVA;PRIMARIA;1
42110 TACALAYA;PRIMARIA;1
43051;PRIMARIA;1
43075 ALMIRANTE MIGUEL GRAU SEMINARIO;PRIMARIA;1
43087;PRIMARIA;1
43120;PRIMARIA;1
50036;PRIMARIA;1
50037;PRIMARIA;1
50051 DANIEL ALCIDES CARRION;PRIMARIA;1
50056 TUPAC AMARU;PRIMARIA;1
50063;PRIMARIA;1
50070 ANA TOMASA TTITO CONDEMAYTA;PRIMARIA;1
50072;PRIMARIA;1
50117 CHINCHAYPUCYO;PRIMARIA;1
50121;PRIMARIA;1
50122;PRIMARIA;1
501223;PRIMARIA;1
501330;PRIMARIA;1
5017 VIRGEN DEL CARMEM;PRIMARIA;1
50267;PRIMARIA;1
5027 ARTURO TIMORAN DE LA H.;PRIMARIA;1
50273 VIRGEN DEL CARMEN;PRIMARIA;1
50275;PRIMARIA;1
50276 AMAUTA;PRIMARIA;1
50334;PRIMARIA;1
50343;PRIMARIA;1
50347;PRIMARIA;1
50358 LAS MERCEDES;PRIMARIA;1
50365;PRIMARIA;1
50411 SAN LUIS GONZAGA;PRIMARIA;1
50477 NUESTRA SE���ORA DE FATI;PRIMARIA;1
50497;PRIMARIA;1
50572;PRIMARIA;1
50581 NUESTRA SE���ORA DE FATI;PRIMARIA;1
50588;PRIMARIA;1
50592 SAN MARTIN DE PORRES;PRIMARIA;1
52040 SIMON BOLIVAR;PRIMARIA;1
52262 CARLOS MARQUEZ BRAGA;PRIMARIA;1
54016;PRIMARIA;1
54028 VIRGEN DE FATIMA;PRIMARIA;1
54031 VIRGEN NATIVIDAD;PRIMARIA;1
54099;PRIMARIA;1
54101 KISHUARA;PRIMARIA;1
54107;PRIMARIA;1
54108;PRIMARIA;1
54180;PRIMARIA;1
54258 JUAN ESPINOZA MEDRANO;PRIMARIA;1
54268;PRIMARIA;1
543;PRIMARIA;1
54304 VIRGEN DEL CARMEN;PRIMARIA;1
54306;PRIMARIA;1
54308;PRIMARIA;1
54309 JOSE MARIA ARGUEDAS;PRIMARIA;1
54312 FRAY MARTIN DE PORRES;PRIMARIA;1
54316 VIRGEN INMACULADA;PRIMARIA;1
54318;PRIMARIA;1
54319 PATRON SAN FELIPE;PRIMARIA;1
54323 SAN ANTONIO DE PADUA;PRIMARIA;1
54325 VIRGEN DE NATIVIDAD;PRIMARIA;1
54326;PRIMARIA;1
54355;PRIMARIA;1
54394 SE���OR DE LOS MILAGR;PRIMARIA;1
54408 AYRIHUANCA;PRIMARIA;1
54409 VIRGEN DE LA ASUNCION;PRIMARIA;1
54410 PATAYPAMPA;PRIMARIA;1
54411 SANTA ROSA;PRIMARIA;1
54415 SAN ANTONIO;PRIMARIA;1
54417 SANTA ROSA;PRIMARIA;1
54418 VILCABAMBA;PRIMARIA;1
54903;PRIMARIA;1
54928 SAN PEDRO;PRIMARIA;1
55007;PRIMARIA;1
56033;PRIMARIA;1
56118;PRIMARIA;1
56121;PRIMARIA;1
56127;PRIMARIA;1
56131;PRIMARIA;1
56182;PRIMARIA;1
56185;PRIMARIA;1
56187;PRIMARIA;1
56189;PRIMARIA;1
56257;PRIMARIA;1
56266;PRIMARIA;1
56270;PRIMARIA;1
56272 MILAGROSO SE���OR DE HUAN;PRIMARIA;1
56373;PRIMARIA;1
60052 GENERALISIMO JOSE DE SAN MARTIN;PRIMARIA;1
60070 JOSE CARLOS MARIATEGUI;PRIMARIA;1
60071 ANDRES A. CARDO FRANCO;PRIMARIA;1
60084 CESAR VALLEJO;PRIMARIA;1
6010374;PRIMARIA;1
601062;PRIMARIA;1
601488;PRIMARIA;1
601536 JESUS NAZARENO;PRIMARIA;1
601661;PRIMARIA;1
601674;PRIMARIA;1
601702;PRIMARIA;1
60261 EL AMAUTA;PRIMARIA;1
6027 CAP FAP RUDY ECHEGARAY FAJARDO;PRIMARIA;1
60361;PRIMARIA;1
60528 HERMANOS PALLA;PRIMARIA;1
60616;PRIMARIA;1
60623;PRIMARIA;1
60625 GUSTAVO BARTRA VALDIVIEZO;PRIMARIA;1
61201 CONSTANTINO VISALOTE HUAMAN;PRIMARIA;1
62023;PRIMARIA;1
62027;PRIMARIA;1
62090;PRIMARIA;1
63;PRIMARIA;1
64052 SANTA ROSA DE LIMA;PRIMARIA;1
64087;PRIMARIA;1
64110;PRIMARIA;1
64181;PRIMARIA;1
64240;PRIMARIA;1
64253;PRIMARIA;1
64349;PRIMARIA;1
64731;PRIMARIA;1
64791-B;PRIMARIA;1
649;PRIMARIA;1
70006;PRIMARIA;1
70007;PRIMARIA;1
70011;PRIMARIA;1
70030;PRIMARIA;1
70036;PRIMARIA;1
70040;PRIMARIA;1
70062;PRIMARIA;1
70077;PRIMARIA;1
70091;PRIMARIA;1
70181;PRIMARIA;1
70215;PRIMARIA;1
70234;PRIMARIA;1
70236;PRIMARIA;1
70241;PRIMARIA;1
70250;PRIMARIA;1
70256 SAN MARTIN DE PORRES;PRIMARIA;1
70258;PRIMARIA;1
70263;PRIMARIA;1
70340 GLORIOSO JOSE ANTONIO ENCINAS;PRIMARIA;1
7039 MANUEL SCORZA TORRES;PRIMARIA;1
70391;PRIMARIA;1
70479;PRIMARIA;1
70550 LOS LIBERTADORES;PRIMARIA;1
70676;PRIMARIA;1
70693;PRIMARIA;1
70708;PRIMARIA;1
70817;PRIMARIA;1
72008;PRIMARIA;1
72023;PRIMARIA;1
72026 PEDRO VILCAPAZA;PRIMARIA;1
72039;PRIMARIA;1
72123;PRIMARIA;1
72135;PRIMARIA;1
72164 SARA CHAVEZ;PRIMARIA;1
72169;PRIMARIA;1
72179 JOSE CARLOS MARIATEGUI;PRIMARIA;1
72182 JOSE MARIA ARGUEDAS ALTAMIRANO;PRIMARIA;1
7220;PRIMARIA;1
72306;PRIMARIA;1
72308 JUAN BUSTAMANTE DUE���;PRIMARIA;1
72352;PRIMARIA;1
72441 SAN CARLOS CUYOCUYO;PRIMARIA;1
72445 GLORIOSO 835 SAN JUAN BOSCO;PRIMARIA;1
72527 SAN JUAN BAUTISTA;PRIMARIA;1
72666;PRIMARIA;1
756;PRIMARIA;1
764;PRIMARIA;1
8;PRIMARIA;1
800;PRIMARIA;1
80046;PRIMARIA;1
80105;PRIMARIA;1
80148 CIRO ALEGRIA;PRIMARIA;1
80245;PRIMARIA;1
80259;PRIMARIA;1
80261 JESUS NAZARENO;PRIMARIA;1
80391 ALFREDO NOVOA CAVA;PRIMARIA;1
80400;PRIMARIA;1
80423 NUESTRA SE���ORA DE GUADALU;PRIMARIA;1
80439;PRIMARIA;1
80444 SANTA ROSA;PRIMARIA;1
80449;PRIMARIA;1
80453 JAVIER HERAUD;PRIMARIA;1
80459 MARIA DE FATIMA;PRIMARIA;1
80461;PRIMARIA;1
80462;PRIMARIA;1
80535 SAN MARTIN DE PORRES;PRIMARIA;1
80538 JOSE CARLOS MARIATEGUI LA ACHIRA;PRIMARIA;1
80541 NUESTRA SE���ORA DEL MONTE CARME;PRIMARIA;1
80557 CIRO ALEGRIA BAZAN;PRIMARIA;1
80609;PRIMARIA;1
80636 LUIS VALLE GOICOCHEA;PRIMARIA;1
81578;PRIMARIA;1
82033;PRIMARIA;1
82043;PRIMARIA;1
82048 INMACULADA CONCEPCION;PRIMARIA;1
82058;PRIMARIA;1
82062;PRIMARIA;1
82069;PRIMARIA;1
821540;PRIMARIA;1
821544;PRIMARIA;1
82248;PRIMARIA;1
82260;PRIMARIA;1
82320;PRIMARIA;1
82331;PRIMARIA;1
82404;PRIMARIA;1
82406;PRIMARIA;1
82409;PRIMARIA;1
82421;PRIMARIA;1
82427;PRIMARIA;1
82431;PRIMARIA;1
82551;PRIMARIA;1
82553;PRIMARIA;1
82562;PRIMARIA;1
82564;PRIMARIA;1
82736 MANUEL SANCHEZ DIAZ;PRIMARIA;1
82744 LUIS GONZAGA PEREZ;PRIMARIA;1
82746;PRIMARIA;1
82758;PRIMARIA;1
82765;PRIMARIA;1
82767;PRIMARIA;1
82825;PRIMARIA;1
83009;PRIMARIA;1
84056;PRIMARIA;1
84118 SANTA CRUZ;PRIMARIA;1
84121 VIRGEN DE GUADALUPE;PRIMARIA;1
84123 CORONEL FELIX MARTINIANO ROCA LOPEZ;PRIMARIA;1
84124 ELEODORO VEGA OCA��;PRIMARIA;1
84129 CESAR VALLEJO;PRIMARIA;1
84174;PRIMARIA;1
84178 EL AMAUTA;PRIMARIA;1
84182 JORGE ESDRAS QUI���ONES MORE;PRIMARIA;1
86048 CESAR VALLEJO MENDOZA;PRIMARIA;1
86054 JAVIER ROMERO MAGUI��;PRIMARIA;1
86061;PRIMARIA;1
86064 PEDRO PABLO PALACIOS;PRIMARIA;1
86141 SAN JUAN DE MALVAS;PRIMARIA;1
86144;PRIMARIA;1
86151;PRIMARIA;1
86153;PRIMARIA;1
86156 VIRGEN INMACULADA CONCEPCION;PRIMARIA;1
86161;PRIMARIA;1
86174 CESAR ABRAHAM VALLEJO MENDOZA;PRIMARIA;1
86200;PRIMARIA;1
86221 SAN AGUSTIN;PRIMARIA;1
86222;PRIMARIA;1
86234 SAN FRANCISCO;PRIMARIA;1
86238 TUPAC AMARU;PRIMARIA;1
86240;PRIMARIA;1
86243 VICTOR ANDRES BELAUNDE;PRIMARIA;1
86244 LUIS PARDO NOVOA;PRIMARIA;1
86247;PRIMARIA;1
86278 MARIO TORRES MEZARINA;PRIMARIA;1
86284 APOSTOL SANTIAGO;PRIMARIA;1
86289 VIRGEN DE NATIVIDAD;PRIMARIA;1
86291 SAN JUAN BAUTISTA;PRIMARIA;1
86339 MAESTRO UGO DE CENSI;PRIMARIA;1
86351;PRIMARIA;1
86371 JUVENAL SOTO CAUSSO;PRIMARIA;1
86372 JAVIER CHERO BETETA;PRIMARIA;1
86473 MICELINO SANDOVAL TORRES;PRIMARIA;1
86486 VICTOR FLORES CORTEZ;PRIMARIA;1
86499 LUIS TORRES SALAZAR;PRIMARIA;1
86501 ANDRES AVELINO CACERES;PRIMARIA;1
86506 AMADEO GADEA LANDAVERY;PRIMARIA;1
86566 JULIO C. TELLO;PRIMARIA;1
86571 SAN LORENZO;PRIMARIA;1
86573 SAN GREGORIO;PRIMARIA;1
86574 SAN PABLO;PRIMARIA;1
86578 VIRGEN DEL ROSARIO;PRIMARIA;1
86579 SAN PEDRO;PRIMARIA;1
86635 SANTA ROSA;PRIMARIA;1
86643 SANTO TORIBIO;PRIMARIA;1
86875;PRIMARIA;1
88050;PRIMARIA;1
88127 SAN PEDRO;PRIMARIA;1
88129 ERNESTO SANCHEZ FAJARDO;PRIMARIA;1
88130 JORGE BASADRE GROHMANN;PRIMARIA;1
88134 PEDRO PABLO ATUSPARIA;PRIMARIA;1
88152;PRIMARIA;1
88160;PRIMARIA;1
88163;PRIMARIA;1
88332 LUIS HERRERA GARCIA;PRIMARIA;1
88382 MARIA AUXILIADORA-YANAMA;PRIMARIA;1
885;PRIMARIA;1
ACCHA;PRIMARIA;1
AGUAYTIA;PRIMARIA;1
ALMIRANTE MIGUEL GRAU;PRIMARIA;1
ALMTE. MIGUEL GRAU SEMINARIO;PRIMARIA;1
ANDAHUAYLAS;PRIMARIA;1
ANDRES AVELINO CACERES;PRIMARIA;1
ANDRES AVELINO CACERES D. 30468;PRIMARIA;1
APLICACION UNAP;PRIMARIA;1
AUGUSTO SALAZAR BONDY;PRIMARIA;1
BUENOS AIRES;PRIMARIA;1
CEBE OCOBAMBA;PRIMARIA;1
CENTENARIA 109;PRIMARIA;1
CESAR A. DURAN LAZARTE;PRIMARIA;1
CHOTA;PRIMARIA;1
COM. EDUC. JUAN VELASCO ALVARADO;PRIMARIA;1
CORAZON DE JESUS;PRIMARIA;1
CORONEL GREGORIO ALBARRACIN;PRIMARIA;1
DANIEL ALCIDES CARRION;PRIMARIA;1
DANIEL ALOMIAS ROBLES;PRIMARIA;1
DIVINO NI���O DEL MILAG;PRIMARIA;1
EL REYNADO;PRIMARIA;1
EL TALLAN;PRIMARIA;1
ELZEARIO MAC DONALD;PRIMARIA;1
ESPECIAL 4;PRIMARIA;1
ESPECIAL PUEBLO NUEVO;PRIMARIA;1
ESPECIAL YANAHUANCA;PRIMARIA;1
GARU;PRIMARIA;1
GENERAL JUAN PABLO FERNANDINI;PRIMARIA;1
HERMILIO VALDIZAN;PRIMARIA;1
HIPOLITO UNANUE;PRIMARIA;1
HORACIO ZEBALLOS GAMEZ;PRIMARIA;1
HORACIO ZEVALLOS GAMEZ;PRIMARIA;1
IGNACIO ESCUDERO;PRIMARIA;1
J.M. ITARD;PRIMARIA;1
JAVIER HERAUD;PRIMARIA;1
JORGE BASADRE;PRIMARIA;1
342 ESPERANZA DE LOS ANGELITOS;INICIAL;1
342 TEOFILO AGUERO DE JAUREGUI;INICIAL;1
34221 NUESTRA SE���ORA DEL CARM;INICIAL;1
343;INICIAL;1
343 ESTRELLITAS DE BELEN;INICIAL;1
345 GOTITAS DE LA LAGUNA;INICIAL;1
348;INICIAL;1
349;INICIAL;1
331 CAPULLITOS DE SAN MIGUEL;INICIAL;1
334;INICIAL;1
334 NI���O JESUS DE PRA;INICIAL;1
334 VIRGENCITA DE LOURDES;INICIAL;1
336;INICIAL;1
337 NI���O JES;INICIAL;1
310;INICIAL;1
310 GENERAL TRINIDAD MORAN;INICIAL;1
308;INICIAL;1
291;INICIAL;1
292;INICIAL;1
304;INICIAL;1
3065 VIRGEN DEL CARMEN;INICIAL;1
31164;INICIAL;1
313;INICIAL;1
313 SAN FRANCISCO;INICIAL;1
316 VICTORIA BARCIA BONIFATTI;INICIAL;1
319;INICIAL;1
32;INICIAL;1
320;INICIAL;1
321;INICIAL;1
32231 HIPOLITO UNANUE;INICIAL;1
323;INICIAL;1
325;INICIAL;1
32508 VICTOR REYES ROCA;INICIAL;1
326;INICIAL;1
357;INICIAL;1
358;INICIAL;1
358 NI���O SALVAD;INICIAL;1
360;INICIAL;1
360 SEMILLITAS DE OLIVO;INICIAL;1
361 SE���OR DE LOS MILAGR;INICIAL;1
365;INICIAL;1
366;INICIAL;1
366 VIRGEN DE LAS MERCEDES;INICIAL;1
368 VIRGEN DE LAS MERCEDES;INICIAL;1
369;INICIAL;1
371;INICIAL;1
372;INICIAL;1
373;INICIAL;1
35001 CIPRIANO PROA��;INICIAL;1
351;INICIAL;1
352;INICIAL;1
352 ANTONIO RAYMONDI;INICIAL;1
352 JESUS DE NAZARET;INICIAL;1
353;INICIAL;1
353 MI JESUCITO;INICIAL;1
339 ESTIQUE PAMPA;INICIAL;1
340;INICIAL;1
33 CORAZON DEL NI���O JES;INICIAL;1
330;INICIAL;1
379 MUNDO MAGICO;INICIAL;1
38 NI���O JESUS DE NAZARE;INICIAL;1
380;INICIAL;1
244;INICIAL;1
245 DIVINO NI���O JES;INICIAL;1
246 MI CASITA DEL SABER;INICIAL;1
247;INICIAL;1
250;INICIAL;1
252 SANTA ROSA DE LIMA;INICIAL;1
253;INICIAL;1
255 MICAELA BASTIDAS;INICIAL;1
256;INICIAL;1
259;INICIAL;1
263;INICIAL;1
263 MI CIELITO;INICIAL;1
264;INICIAL;1
265;INICIAL;1
265 INMACULADA NI���A MAR;INICIAL;1
22;INICIAL;1
215;INICIAL;1
21559 ANTONIO GRA���A ELIZAL;INICIAL;1
221;INICIAL;1
222;INICIAL;1
22250;INICIAL;1
22257;INICIAL;1
22259 EX-228;INICIAL;1
223;INICIAL;1
229 FLOR COPA DE ORO;INICIAL;1
23;INICIAL;1
231 VILLA LOCUMBA;INICIAL;1
2316;INICIAL;1
232;INICIAL;1
2324;INICIAL;1
2333 PASITOS DE JESUS;INICIAL;1
235 DORIS DAY FERNANDEZ FERNANDEZ;INICIAL;1
236 JOSE MARIA HINOJOSA;INICIAL;1
238;INICIAL;1
288 LAS SEMILLITAS;INICIAL;1
27;INICIAL;1
274;INICIAL;1
276;INICIAL;1
294 RAYITOS DEL AMANECER;INICIAL;1
296 NI���OS DE LA INMACULADA CONCEPCI;INICIAL;1
296 SAN MARTIN DE TOURS;INICIAL;1
298;INICIAL;1
298 ANGELES DE LA FRONTERA;INICIAL;1
299;INICIAL;1
30;INICIAL;1
30 DIVINO NI���O JES;INICIAL;1
300;INICIAL;1
277-19 NI���O JES;INICIAL;1
277-32;INICIAL;1
277-9 SE���OR DE YAMPU;INICIAL;1
279 NI���O DE PRA;INICIAL;1
28;INICIAL;1
28 CECILIO A. GUERRERO MALLMA;INICIAL;1
280;INICIAL;1
283;INICIAL;1
283 SAN LORENZO;INICIAL;1
286;INICIAL;1
266 NI���O JES;INICIAL;1
267;INICIAL;1
2674 SANTISIMA NI���A MAR;INICIAL;1
224 TEOFILA GAMBINI VIDAL;INICIAL;1
22445 GERARDO R. MENDOZA ESCATE;INICIAL;1
22471;INICIAL;1
22472 CAP. FAP RENAN ELIAS OLIVERA;INICIAL;1
225 NI���OS HERO;INICIAL;1
1567;INICIAL;1
1568;INICIAL;1
1568 NI���O JESUS DE PRA;INICIAL;1
1577 MI MUNDO MAGICO;INICIAL;1
1582;INICIAL;1
1583;INICIAL;1
1585 SEMILLITAS DEL SABER;INICIAL;1
1586 SE���OR DE LA PIEDAD SIMB;INICIAL;1
1587;INICIAL;1
1587 LUISA ZARELA PICHON VILLEGAS;INICIAL;1
1588;INICIAL;1
159;INICIAL;1
159 NI���O DE JESUS DE PRA;INICIAL;1
159 SANTA MARIA MAGDALENA;INICIAL;1
1596;INICIAL;1
16 SE���OR DE ANIM;INICIAL;1
1605;INICIAL;1
161;INICIAL;1
1611;INICIAL;1
16193;INICIAL;1
1627 SAGRADO CORAZON DE JESUS;INICIAL;1
163;INICIAL;1
1633 MI JESUS;INICIAL;1
1643 SAGRADO CORAZON DE JESUS;INICIAL;1
1644;INICIAL;1
1648 CARLOTA ERNESTINA;INICIAL;1
166;INICIAL;1
1661;INICIAL;1
1662;INICIAL;1
1667 RAYITOS DE SOL;INICIAL;1
1675;INICIAL;1
168;INICIAL;1
168 BEATITA DE HUMAY;INICIAL;1
169;INICIAL;1
1691;INICIAL;1
1694 CIELITO AZUL;INICIAL;1
1696;INICIAL;1
17;INICIAL;1
170;INICIAL;1
170 DIVINO NI���O JES;INICIAL;1
1136;INICIAL;1
114;INICIAL;1
1140;INICIAL;1
115-18 JUANA ALARCO DE DAMMERT;INICIAL;1
1154;INICIAL;1
1159 TAHUARAY;INICIAL;1
116 SAN PABLO;INICIAL;1
11614 EL SIGLO;INICIAL;1
117;INICIAL;1
1188 RINCONADA;INICIAL;1
119;INICIAL;1
1191;INICIAL;1
12;INICIAL;1
120;INICIAL;1
1039;INICIAL;1
1046;INICIAL;1
1068;INICIAL;1
1071 ALFONSO UGARTE;INICIAL;1
108;INICIAL;1
1086 JESUS REDENTOR;INICIAL;1
109;INICIAL;1
11 SANT GERMA JAUME HILARI BARBAL LA SALLE;INICIAL;1
11028 CESAR FRANCISCO PINGLO CHUNGA;INICIAL;1
1110;INICIAL;1
1112;INICIAL;1
1121 HUELLITAS DEL SABER;INICIAL;1
1122;INICIAL;1
0056 JOSE ANTONIO ENCINAS FRANCO;INICIAL;1
007 JESUS DE NAZARET;INICIAL;1
00743 BLANCA ROSA ANDUAGA DE CARO;INICIAL;1
020 VIRGEN DE LAS MERCEDES;INICIAL;1
028 TERESA DE LISIEUX;INICIAL;1
038 LOS ANGELITOS DEL PILAR;INICIAL;1
0393 VIRGEN DE LAS MERCEDES;INICIAL;1
041 DORILA PADILLA PRETEL;INICIAL;1
045 SE���OR DE PASCUA DE RESURRECCI;INICIAL;1
0503 MIGUEL RUIZ DAVILA;INICIAL;1
051 SAN GABRIEL;INICIAL;1
051 VIRGEN DE FATIMA;INICIAL;1
061 MONZON;INICIAL;1
061 SAN PEDRO Y SAN PABLO;INICIAL;1
066 DIVINO NI���O JES;INICIAL;1
0662 ADOLFO PAREDES RENGIFO;INICIAL;1
070 JOYITAS DE JESUS;INICIAL;1
077 - NI���O JESUS DE PRA;INICIAL;1
078 JESUS DIVINO MAESTRO;INICIAL;1
080 TESORITOS DE MARIA;INICIAL;1
085 RAMON RODRIGUEZ RIOS;INICIAL;1
094 RAITOS DE SOL;INICIAL;1
097 JESUS MI BUEN PASTOR;INICIAL;1
098 MERLIN GARCIA USHI���AH;INICIAL;1
10;INICIAL;1
10 SAGRADO CORAZON DE JESUS;INICIAL;1
100;INICIAL;1
1005 BARRIO CENTRO;INICIAL;1
148;INICIAL;1
149;INICIAL;1
1494;INICIAL;1
15 JESUS REY DE LOS ANGELES;INICIAL;1
150;INICIAL;1
15031 MONSE���OR LUIS PACHECO WILS;INICIAL;1
15036;INICIAL;1
1505;INICIAL;1
151 LOS ANGELITOS DE SAN PEDRO DE CHUNAN;INICIAL;1
1518 MARIA URSINA LOAIZA VALENZUELA;INICIAL;1
152 ZOILA ABIGAIL GARCIA MARTINEZ;INICIAL;1
1520 RAYITOS DE SOL Y LUNA;INICIAL;1
1521;INICIAL;1
153 NI���ITOS DE JERUSAL;INICIAL;1
1540;INICIAL;1
1542;INICIAL;1
1544;INICIAL;1
1546 CARLOS BELISARIO TORRES TORRES;INICIAL;1
155;INICIAL;1
1555;INICIAL;1
1557 SE���OR DE PUMALLUC;INICIAL;1
1564;INICIAL;1
130;INICIAL;1
131 NUESTRA SE���ORA DE FATI;INICIAL;1
131 VIRGEN MARIA DE LA ASUNCION;INICIAL;1
1320;INICIAL;1
1323;INICIAL;1
134;INICIAL;1
1346;INICIAL;1
135;INICIAL;1
137;INICIAL;1
14;INICIAL;1
14 DE SETIEMBRE;INICIAL;1
14037 SANTIAGO A REQUENA CASTRO;INICIAL;1
14132;INICIAL;1
144;INICIAL;1
173;INICIAL;1
1731;INICIAL;1
1741;INICIAL;1
1761 CLORINDA FLOR MARINA BEJARANO VALLEJO;INICIAL;1
1791;INICIAL;1
18;INICIAL;1
181;INICIAL;1
18156;INICIAL;1
18182 MANUEL SAAVEDRA LUJAN;INICIAL;1
182;INICIAL;1
184;INICIAL;1
185 ENRICO CAPPELLETTI;INICIAL;1
186;INICIAL;1
1869;INICIAL;1
2013;INICIAL;1
202;INICIAL;1
203;INICIAL;1
20351;INICIAL;1
20391 JORGE BRAVO DE RUEDA QUEROL;INICIAL;1
204;INICIAL;1
20414 LEON OLIMPO GUARDAMINO DE LA CRUZ;INICIAL;1
205;INICIAL;1
2051;INICIAL;1
20584;INICIAL;1
206;INICIAL;1
20653 SAN JUAN BAUTISTA PRECURSOR;INICIAL;1
207;INICIAL;1
208;INICIAL;1
209;INICIAL;1
209 LAS ABEJITAS;INICIAL;1
21 LOS QUERUBINES DE JESUCRISTO;INICIAL;1
21011 VIRGEN DE LOURDES;INICIAL;1
2109;INICIAL;1
211;INICIAL;1
211 VIRGEN INMACULADA CONCEPCION;INICIAL;1
217 SANTA ROSA;INICIAL;1
2177;INICIAL;1
2188;INICIAL;1
20;INICIAL;1
1010 QUISCAPUNCO;INICIAL;1
1018 MIRAFLORES ALTO;INICIAL;1
190;INICIAL;1
1901;INICIAL;1
1909 TUPAC AMARU;INICIAL;1
192;INICIAL;1
122 DIVINO NI���O JES;INICIAL;1
123;INICIAL;1
128 JESUS MARTINEZ VILLAFRANCA;INICIAL;1
1283;INICIAL;1
129;INICIAL;1
70;INICIAL;1
70 DULCE NOMBRE DE JESUS;INICIAL;1
701 PALLCCARO;INICIAL;1
706 COYLLORCITOS;INICIAL;1
707;INICIAL;1
71;INICIAL;1
711;INICIAL;1
712;INICIAL;1
72;INICIAL;1
721;INICIAL;1
73;INICIAL;1
736;INICIAL;1
74;INICIAL;1
759;INICIAL;1
77 HUAYLLATI;INICIAL;1
794;INICIAL;1
652;INICIAL;1
66;INICIAL;1
660 VIRGEN DE FATIMA;INICIAL;1
5;INICIAL;1
500 DIVINO NI���O JES;INICIAL;1
501;INICIAL;1
5013 - JOSE GALVEZ BARRENECHEA;INICIAL;1
505;INICIAL;1
551 VIRGEN DE LAS NIEVES;INICIAL;1
553;INICIAL;1
556 LUZ LIBERTAD VILLAR URDANIGA;INICIAL;1
559;INICIAL;1
56;INICIAL;1
562;INICIAL;1
564;INICIAL;1
584 NI���O JESUS DE PRA;INICIAL;1
59 ANDRES BELLO;INICIAL;1
60;INICIAL;1
60 SE���OR DE LOS MILAGR;INICIAL;1
60087 LUCILLE GAGNE PELLERIN;INICIAL;1
601 FRANCISCO BOLOGNESI;INICIAL;1
602 SANTA ROSA DE LIMA;INICIAL;1
604;INICIAL;1
609;INICIAL;1
61;INICIAL;1
6180;INICIAL;1
619;INICIAL;1
620;INICIAL;1
630;INICIAL;1
636;INICIAL;1
636 MICAELA BASTIDAS;INICIAL;1
638;INICIAL;1
642;INICIAL;1
644;INICIAL;1
520;INICIAL;1
523;INICIAL;1
526;INICIAL;1
529;INICIAL;1
532;INICIAL;1
534;INICIAL;1
54;INICIAL;1
540;INICIAL;1
54036 SE���OR DE LA EXALTACI;INICIAL;1
543;INICIAL;1
548 JESUS DE BELEN;INICIAL;1
51;INICIAL;1
51 CARLOS Y BLANCA TOSI;INICIAL;1
51 MARIA PARADO DE BELLIDO;INICIAL;1
513;INICIAL;1
518;INICIAL;1
519;INICIAL;1
414 SAN MARTIN DE PORRES;INICIAL;1
417;INICIAL;1
420-2;INICIAL;1
421;INICIAL;1
42205;INICIAL;1
42218 MARISCAL CACERES;INICIAL;1
42253 GERARDO ARIAS COPAJA;INICIAL;1
381-1;INICIAL;1
382;INICIAL;1
383;INICIAL;1
385;INICIAL;1
385 SAN ANTONIO DE PADUA;INICIAL;1
38582 ABRAHAM VALDELOMAR;INICIAL;1
388;INICIAL;1
389;INICIAL;1
391 LOS QUERUBINES;INICIAL;1
399;INICIAL;1
4;INICIAL;1
40;INICIAL;1
40 MAMARA;INICIAL;1
40 SANTA ROSA DE LIMA;INICIAL;1
400;INICIAL;1
40048 ANTONIO JOSE DE SUCRE;INICIAL;1
401;INICIAL;1
402;INICIAL;1
402 MI PEQUE���ITO DE JULC;INICIAL;1
40227 EDUARDO PORTUGAL;INICIAL;1
40314 NUESTRA SE���ORA DE LA ASUNCI;INICIAL;1
40317;INICIAL;1
40377 JORGE AURELIO ABRIL FLORES;INICIAL;1
405;INICIAL;1
40526;INICIAL;1
406;INICIAL;1
407;INICIAL;1
409;INICIAL;1
41;INICIAL;1
41 TURPAY;INICIAL;1
41014 FORTUNATA GUTIERREZ DE BERNEDO;INICIAL;1
41030 EDUARDO LOPEZ DE ROMA��;INICIAL;1
41038 JOSE OLAYA BALANDRA;INICIAL;1
411;INICIAL;1
485;INICIAL;1
486;INICIAL;1
489;INICIAL;1
475-1;INICIAL;1
475-10;INICIAL;1
475-39;INICIAL;1
469;INICIAL;1
461 MEDALLITA MILAGROSA;INICIAL;1
463;INICIAL;1
425;INICIAL;1
377 LAS ESTRELLITAS DE LA VIRGEN DE OCOPA;INICIAL;1
427-2 NUESTRA SE���ORA DE FATI;INICIAL;1
428;INICIAL;1
429;INICIAL;1
429 MARIA AUXILIADORA;INICIAL;1
429-139;INICIAL;1
43;INICIAL;1
430;INICIAL;1
431;INICIAL;1
432;INICIAL;1
432 MI JESUS MISERICORDIOSO;INICIAL;1
432-68;INICIAL;1
432-79;INICIAL;1
432-95;INICIAL;1
433;INICIAL;1
434;INICIAL;1
435;INICIAL;1
438 AMADEUS;INICIAL;1
44;INICIAL;1
444;INICIAL;1
445 JULIO BENAVIDES SANGUINETTI;INICIAL;1
45 JORDAN DE JESUS;INICIAL;1
451;INICIAL;1
452;INICIAL;1
454;INICIAL;1
459;INICIAL;1
ACHOMA;INICIAL;1
ALFONSO UGARTE;INICIAL;1
ALMIRANTE MIGUEL GRAU;INICIAL;1
ALONSO DE MESSIAS;INICIAL;1
AMALIA DEL AGUILA VELASQUEZ;INICIAL;1
ANGEL DE LA GUARDA;INICIAL;1
ANGELITOS DE JOSE;INICIAL;1
ANGELITOS DE MARIA;INICIAL;1
BARRIO CENTRO;INICIAL;1
BARRIO NUEVO;INICIAL;1
BARRIO YACUS;INICIAL;1
BUENOS AIRES;INICIAL;1
CANGALLO;INICIAL;1
CAYLLOMA;INICIAL;1
CERRILLO;INICIAL;1
CLEOFE AREVALO DEL AGUILA;INICIAL;1
COPORAQUE;INICIAL;1
CRUZ MARIA MI���AN QUEZA;INICIAL;1
CRUZ PATA;INICIAL;1
DIVINO SALVADOR;INICIAL;1
EMMA MENA MELCHOR;INICIAL;1
ESPECIAL SURQUILLO;INICIAL;1
ESTRELLITAS DEL MA���A;INICIAL;1
FRANCISCO BOLOGNESI CERVANTES;INICIAL;1
FRUTOS DE AMOR Y PAZ;INICIAL;1
GABRIEL AGUILAR NALVARTE;INICIAL;1
GOTITAS DE AMOR;INICIAL;1
GUILLERMO AUZA ARCE;INICIAL;1
HATUN XAUXA;INICIAL;1
HELEN KELLER;INICIAL;1
HEROINAS TOLEDO;INICIAL;1
HUAMBO;INICIAL;1
INMACULADA CORAZON;INICIAL;1
LARI;INICIAL;1
LAS ABEJITAS;INICIAL;1
LAS CARMELITAS;INICIAL;1
LOS ANGELES;INICIAL;1
LOS ANGELITOS;INICIAL;1
LOS ANGELITOS DE BUENAVISTA;INICIAL;1
LOS GERANEOS;INICIAL;1
LOS GIRASOLES;INICIAL;1
LOS GRANJERITOS;INICIAL;1
LOS PATITOS;INICIAL;1
LUCERITO;INICIAL;1
MADRE ADMIRABLE;INICIAL;1
MARIA AUXILIADORA;INICIAL;1
MARISCAL CASTILLA;INICIAL;1
MI DULCE AMANECER;INICIAL;1
MI MUNDO MAGICO;INICIAL;1
MI PEQUE���O MUN;INICIAL;1
MI PERU;INICIAL;1
MICAELA BASTIDAS;INICIAL;1
MIGUEL GRAU;INICIAL;1
MUNDO DE COLORES;INICIAL;1
NI���O JES;INICIAL;1
NI���O JESUS DE BEL;INICIAL;1
NI���O JESUS DE PRA;INICIAL;1
NI���O SALVADOR DE SALAMAN;INICIAL;1
NUESTRA SE���ORA DE LAS MERCED;INICIAL;1
NUEVO CULEBRAS;INICIAL;1
PERLITAS DEL MAR;INICIAL;1
POCSI;INICIAL;1
PRITE MARIA REINA Y MADRE;INICIAL;1
PUERTO ALEGRIA;INICIAL;1
RAMON CASTILLA;INICIAL;1
ROSA MERINO;INICIAL;1
NUESTRA SE���ORA DEL CARM;PRIMARIA;1
NUESTRA SE���ORA DEL VAL;PRIMARIA;1
PACASMAYO;PRIMARIA;1
RICARDO FLORES GUTIERREZ;PRIMARIA;1
ROSA DE AMERICA;PRIMARIA;1
SAGRADO CORAZON DE JESUS;PRIMARIA;1
SAN CRISTO;PRIMARIA;1
SAN GABRIEL;PRIMARIA;1
SAN LORENZO;PRIMARIA;1
SAN MIGUEL;PRIMARIA;1
SAN PABLO;PRIMARIA;1
SANTA CRUZ DE ANDAMARCA;PRIMARIA;1
SANTA MARIA MAGDALENA;PRIMARIA;1
SANTA ROSA DE PROFAM;PRIMARIA;1
SANTO DOMINGO;PRIMARIA;1
SANTO DOMINGO DE GUZMAN;PRIMARIA;1
USQUIL;PRIMARIA;1
VIRGEN DE CHAPI;PRIMARIA;1
VIRGEN DEL CARMEN;PRIMARIA;1
0005 DANIEL ALCIDES CARRION;SECUNDARIA;1
108;SECUNDARIA;1
27 DE NOVIEMBRE;SECUNDARIA;1
27 SANTA LUCIA FE Y ALEGRIA;SECUNDARIA;1
38622 QUIMBIRI;SECUNDARIA;1
60276 EUGENIO RIVERA LOPEZ;SECUNDARIA;1
60740 VICTORIA ABAD CORREA;SECUNDARIA;1
60904 TNTE. CESAR A. LOPEZ ROJAS;SECUNDARIA;1
773;SECUNDARIA;1
80136 HORACIO ZEVALLOS GAMES;SECUNDARIA;1
80140 JOSE F. SANCHEZ CARRION;SECUNDARIA;1
80144;SECUNDARIA;1
80147 ABELARDO GAMARRA RONDO;SECUNDARIA;1
80460 GRAN PAJATEN;SECUNDARIA;1
86043 VIRGEN DE LAS MERCEDES;SECUNDARIA;1
86344 JAVIER HERAUD PEREZ;SECUNDARIA;1
86644 SAN MARTIN DE PORRES;SECUNDARIA;1
9 DE DICIEMBRE;SECUNDARIA;1
AG. PILOTO ATALAYA;SECUNDARIA;1
AGRO INDUSTRIAL 128;SECUNDARIA;1
AGROP. LEONCIO PRADO;SECUNDARIA;1
AGUSTIN GAMARRA;SECUNDARIA;1
ALBERTO TURPAUD;SECUNDARIA;1
ALEJANDRO TOLEDO MANRIQUE;SECUNDARIA;1
822;INICIAL;1
824;INICIAL;1
825-JUAN PABLO-II;INICIAL;1
83;INICIAL;1
859 JUSTO BARRIONUEVO ALVAREZ;INICIAL;1
86;INICIAL;1
86066 MARTIRES MIGUEL Y ZBIGNIEW;INICIAL;1
86230;INICIAL;1
86242 AGUSTIN DEXTRE CORDOBA;INICIAL;1
86288;INICIAL;1
87;INICIAL;1
88;INICIAL;1
882;INICIAL;1
885;INICIAL;1
89;INICIAL;1
890;INICIAL;1
907;INICIAL;1
80;INICIAL;1
80127 MAYOR SANTIAGO ZAVALA;INICIAL;1
80401;INICIAL;1
807;INICIAL;1
81019 JOSEFINA GUTIERREZ FERNANDEZ;INICIAL;1
81029 LUCRECIA VERTIZ CACEDA;INICIAL;1
681 NI���O SALVAD;INICIAL;1
69;INICIAL;1
691;INICIAL;1
692;INICIAL;1
694;INICIAL;1
665;INICIAL;1
668 CARLOS NORIEGA JIMENEZ;INICIAL;1
67;INICIAL;1
672 VIRGEN DE NATIVIDAD;INICIAL;1
673 BARRIO AZANGARO COASA;INICIAL;1
674 INMACULADO CORAZON DE MARIA;INICIAL;1
